{"speaking_rate": [7.03075943844209, 9.666576873162004, 12.302394307881917, 14.93821174260183, 17.574029177321744, 20.209846612041655, 22.84566404676157, 25.48148148148148], "noise": [33.69070053100586, 39.2723388671875, 44.85397720336914, 50.43561553955078, 56.01725387573242, 61.59889221191406, 67.1805305480957, 72.76216888427734], "reverberation": [50.77423095703125, 52.081417083740234, 53.38860321044922, 54.6957893371582, 56.00297546386719, 57.31016159057617, 58.617347717285156, 59.92453384399414], "speech_monotony": [10.73019790649414, 15.339215959821429, 19.948234013148717, 24.557252066476003, 29.166270119803293, 33.77528817313058, 38.384306226457866, 42.993324279785156]}