{"speaking_rate": [9.056232686122453, 12.358101018821436, 15.659969351520418, 18.9618376842194, 22.263706016918384, 25.565574349617368, 28.867442682316348, 32.16931101501533], "noise": [43.298030853271484, 47.47088950020926, 51.64374814714704, 55.81660679408482, 59.9894654410226, 64.16232408796037, 68.33518273489815, 72.50804138183594], "reverberation": [55.53278350830078, 56.16116387503488, 56.78954424176897, 57.41792460850307, 58.04630497523716, 58.67468534197126, 59.30306570870536, 59.93144607543945], "speech_monotony": [37.37056350708008, 46.01966748918806, 54.66877147129604, 63.317875453404014, 71.966979435512, 80.61608341761998, 89.26518739972795, 97.91429138183594]}