{"speaking_rate": [8.052652177085056, 11.172536028937635, 14.292419880790217, 17.412303732642798, 20.532187584495375, 23.652071436347953, 26.771955288200537, 29.891839140053115], "noise": [44.1014404296875, 48.21050589425223, 52.319571358816965, 56.428636823381694, 60.53770228794643, 64.64676775251115, 68.75583321707589, 72.86489868164062], "reverberation": [52.941200256347656, 53.93890380859375, 54.936607360839844, 55.93431091308594, 56.93201446533203, 57.929718017578125, 58.92742156982422, 59.92512512207031], "speech_monotony": [17.83986473083496, 22.837015424455913, 27.83416611807687, 32.831316811697825, 37.82846750531878, 42.82561819893973, 47.82276889256069, 52.81991958618164]}